"x","freq"
"DATA",504
"ENGINEER",218
"SENIOR",84
"SCIENTIST",75
"ANALYST",49
"STATISTICIAN",42
"ARCHITECT",29
"ENTRY",24
"MASTER",23
"BIG",18
"DIRECTOR",17
"PRINCIPAL",17
"SCIENCE",17
"MANAGER",16
"ANALYTICS",12
"LEAD",11
"SOLUTIONS",10
"ENGINEERING",9
"MODELER",9
"SPECIALIST",9
"SR",9
"DISTINGUISHED",8
"MANAGEMENT",8
"PLATFORM",8
"INTERN",7
"SOFTWARE",7
"ADMIN",5
"AI",5
"AXON",5
"AZURE",5
"DEVELOPER",5
"EDC",5
"HCS",5
"INFORMATICA",5
"INTEROP",5
"REMOTE",5
"STAFF",5
"STEWARD",5
"CLINICAL",4
"DATAMINING",4
"MATHEMATICAL",4
"PROVIDER",4
"VISA",4
"ADVISOR",3
"CENTER",3
"CONSULTANT",3
"DOMAIN",3
"ENTERPRISE",3
"III",3
"LAKE",3
"OFFICER",3
"PREDICTIVE",3
"ADVANCED",2
"APPLIED",2
"ASSOCIATE",2
"BENEFITS",2
"BUSINESS",2
"CHIEF",2
"D",2
"ETL",2
"FINANCIAL",2
"GOVERNANCE",2
"HEALTH",2
"HEALTHCARE",2
"HR",2
"II",2
"MGMT",2
"MODELS",2
"PH",2
"PREFERRED",2
"PT",2
"R",2
"RESEARCH",2
"SUMMER",2
"TECHNICIAN",2
"TECHNOLOGY",2
"VETERANS",2
"WORK",2
"YOUTUBE",2
"ARMED",1
"BOSTON",1
"BS",1
"BVAL",1
"CARBON",1
"CLERK",1
"CLOUD",1
"COMPENSATION",1
"CONSULTING",1
"CURATOR",1
"CYBERSECURITY",1
"DELIVERY",1
"DW",1
"ECONOMICS",1
"ECONOMIST",1
"EXCEL",1
"EXPERT",1
"GLOBAL",1
"HANDS",1
"HEAD",1
"IDE",1
"IMAGING",1
"INFORMATION",1
"INSIGHTS",1
"INSURANCE",1
"INTEGRATION",1
"INTEGRITY",1
"JOB",1
"JUNIOR",1
"LEADER",1
"LEVEL",1
"LOW",1
"MARKET",1
"MARKETPLACE",1
"MICROSOFT",1
"ML",1
"MORTGAGE",1
"OWNER",1
"PHARMACY",1
"PHD",1
"PILLPACK",1
"POLICY",1
"PRESCRIPTIVE",1
"PRIVACY",1
"PRODUCT",1
"PROJECT",1
"QC",1
"QUALITY",1
"RC",1
"RELEVANCY",1
"RISK",1
"SECURITY",1
"SEROLOGY",1
"SERVICE",1
"SHARING",1
"SKILLS",1
"STANDARDS",1
"STATISTICS",1
"STRATEGIC",1
"STRATEGY",1
"STREAMING",1
"STUDENTS",1
"SUPERVISORY",1
"SURGERY",1
"SYSTEMS",1
"VALIDATE",1
"VEEVA",1
"VIS",1
"VISUALIZATION",1
"WAREHOUSE",1
